D,supply,osm_coeff,no_saturation,fast_pseudo,only_P1P2,only_P1C,Keq_1,Keq_2,id
1e-06,1e-08,0,1,1,1,0,1,1,1
1e-06,1.03532184329566e-08,0,1,1,1,0,1,1,2
1e-06,1.07189131920513e-08,0,1,1,1,0,1,1,3
1e-06,1.10975249641207e-08,0,1,1,1,0,1,1,4
1e-06,1.14895100018731e-08,0,1,1,1,0,1,1,5
1e-06,1.18953406737032e-08,0,1,1,1,0,1,1,6
1e-06,1.23155060329283e-08,0,1,1,1,0,1,1,7
1e-06,1.27505124071301e-08,0,1,1,1,0,1,1,8
1e-06,1.32008840083142e-08,0,1,1,1,0,1,1,9
1e-06,1.36671635646201e-08,0,1,1,1,0,1,1,10
1e-06,1.41499129743458e-08,0,1,1,1,0,1,1,11
1e-06,1.46497139830728e-08,0,1,1,1,0,1,1,12
1e-06,1.51671688847092e-08,0,1,1,1,0,1,1,13
1e-06,1.57029012472938e-08,0,1,1,1,0,1,1,14
1e-06,1.62575566644379e-08,0,1,1,1,0,1,1,15
1e-06,1.68318035333096e-08,0,1,1,1,0,1,1,16
1e-06,1.74263338600965e-08,0,1,1,1,0,1,1,17
1e-06,1.80418640939207e-08,0,1,1,1,0,1,1,18
1e-06,1.86791359902078e-08,0,1,1,1,0,1,1,19
1e-06,1.93389175045523e-08,0,1,1,1,0,1,1,20
1e-06,2.00220037181558e-08,0,1,1,1,0,1,1,21
1e-06,2.07292177959537e-08,0,1,1,1,0,1,1,22
1e-06,2.14614119785841e-08,0,1,1,1,0,1,1,23
1e-06,2.22194686093952e-08,0,1,1,1,0,1,1,24
1e-06,2.30043011977292e-08,0,1,1,1,0,1,1,25
1e-06,2.38168555197616e-08,0,1,1,1,0,1,1,26
1e-06,2.4658110758226e-08,0,1,1,1,0,1,1,27
1e-06,2.55290806823952e-08,0,1,1,1,0,1,1,28
1e-06,2.6430814869741e-08,0,1,1,1,0,1,1,29
1e-06,2.73643999707467e-08,0,1,1,1,0,1,1,30
1e-06,2.83309610183932e-08,0,1,1,1,0,1,1,31
1e-06,2.93316627839004e-08,0,1,1,1,0,1,1,32
1e-06,3.03677111803546e-08,0,1,1,1,0,1,1,33
1e-06,3.1440354715915e-08,0,1,1,1,0,1,1,34
1e-06,3.25508859983506e-08,0,1,1,1,0,1,1,35
1e-06,3.37006432927192e-08,0,1,1,1,0,1,1,36
1e-06,3.48910121340677e-08,0,1,1,1,0,1,1,37
1e-06,3.61234269970943e-08,0,1,1,1,0,1,1,38
1e-06,3.7399373024788e-08,0,1,1,1,0,1,1,39
1e-06,3.87203878181256e-08,0,1,1,1,0,1,1,40
1e-06,4.00880632889846e-08,0,1,1,1,0,1,1,41
1e-06,4.15040475785047e-08,0,1,1,1,0,1,1,42
1e-06,4.29700470432084e-08,0,1,1,1,0,1,1,43
1e-06,4.44878283112759e-08,0,1,1,1,0,1,1,44
1e-06,4.6059220411451e-08,0,1,1,1,0,1,1,45
1e-06,4.76861169771447e-08,0,1,1,1,0,1,1,46
1e-06,4.937047852839e-08,0,1,1,1,0,1,1,47
1e-06,5.11143348344017e-08,0,1,1,1,0,1,1,48
1e-06,5.29197873595844e-08,0,1,1,1,0,1,1,49
1e-06,5.47890117959395e-08,0,1,1,1,0,1,1,50
1e-06,5.67242606849198e-08,0,1,1,1,0,1,1,51
1e-06,5.87278661318948e-08,0,1,1,1,0,1,1,52
1e-06,6.08022426164943e-08,0,1,1,1,0,1,1,53
1e-06,6.29498899022189e-08,0,1,1,1,0,1,1,54
1e-06,6.51733960488242e-08,0,1,1,1,0,1,1,55
1e-06,6.7475440531107e-08,0,1,1,1,0,1,1,56
1e-06,6.98587974678525e-08,0,1,1,1,0,1,1,57
1e-06,7.23263389648353e-08,0,1,1,1,0,1,1,58
1e-06,7.48810385759003e-08,0,1,1,1,0,1,1,59
1e-06,7.75259748862946e-08,0,1,1,1,0,1,1,60
1e-06,8.02643352225717e-08,0,1,1,1,0,1,1,61
1e-06,8.30994194935339e-08,0,1,1,1,0,1,1,62
1e-06,8.60346441668451e-08,0,1,1,1,0,1,1,63
1e-06,8.90735463861044e-08,0,1,1,1,0,1,1,64
1e-06,9.22197882333432e-08,0,1,1,1,0,1,1,65
1e-06,9.54771611420807e-08,0,1,1,1,0,1,1,66
1e-06,9.88495904662559e-08,0,1,1,1,0,1,1,67
1e-06,1.02341140210545e-07,0,1,1,1,0,1,1,68
1e-06,1.05956017927761e-07,0,1,1,1,0,1,1,69
1e-06,1.09698579789238e-07,0,1,1,1,0,1,1,70
1e-06,1.13573335834311e-07,0,1,1,1,0,1,1,71
1e-06,1.17584955405216e-07,0,1,1,1,0,1,1,72
1e-06,1.21738272773966e-07,0,1,1,1,0,1,1,73
1e-06,1.26038292967973e-07,0,1,1,1,0,1,1,74
1e-06,1.3049019780144e-07,0,1,1,1,0,1,1,75
1e-06,1.35099352119803e-07,0,1,1,1,0,1,1,76
1e-06,1.39871310264724e-07,0,1,1,1,0,1,1,77
1e-06,1.44811822767453e-07,0,1,1,1,0,1,1,78
1e-06,1.49926843278605e-07,0,1,1,1,0,1,1,79
1e-06,1.55222535742705e-07,0,1,1,1,0,1,1,80
1e-06,1.60705281826164e-07,0,1,1,1,0,1,1,81
1e-06,1.66381688607613e-07,0,1,1,1,0,1,1,82
1e-06,1.72258596539879e-07,0,1,1,1,0,1,1,83
1e-06,1.78343087693191e-07,0,1,1,1,0,1,1,84
1e-06,1.84642494289554e-07,0,1,1,1,0,1,1,85
1e-06,1.9116440753857e-07,0,1,1,1,0,1,1,86
1e-06,1.97916686785356e-07,0,1,1,1,0,1,1,87
1e-06,2.04907468981585e-07,0,1,1,1,0,1,1,88
1e-06,2.12145178491063e-07,0,1,1,1,0,1,1,89
1e-06,2.19638537241655e-07,0,1,1,1,0,1,1,90
1e-06,2.27396575235793e-07,0,1,1,1,0,1,1,91
1e-06,2.35428641432242e-07,0,1,1,1,0,1,1,92
1e-06,2.43744415012222e-07,0,1,1,1,0,1,1,93
1e-06,2.52353917043477e-07,0,1,1,1,0,1,1,94
1e-06,2.61267522556333e-07,0,1,1,1,0,1,1,95
1e-06,2.70495973046314e-07,0,1,1,1,0,1,1,96
1e-06,2.80050389418363e-07,0,1,1,1,0,1,1,97
1e-06,2.89942285388288e-07,0,1,1,1,0,1,1,98
1e-06,3.00183581357559e-07,0,1,1,1,0,1,1,99
1e-06,3.10786618778201e-07,0,1,1,1,0,1,1,100
1e-06,3.21764175025074e-07,0,1,1,1,0,1,1,101
1e-06,3.33129478793467e-07,0,1,1,1,0,1,1,102
1e-06,3.44896226040576e-07,0,1,1,1,0,1,1,103
1e-06,3.57078596490046e-07,0,1,1,1,0,1,1,104
1e-06,3.69691270719502e-07,0,1,1,1,0,1,1,105
1e-06,3.82749447851632e-07,0,1,1,1,0,1,1,106
1e-06,3.96268863870148e-07,0,1,1,1,0,1,1,107
1e-06,4.10265810582719e-07,0,1,1,1,0,1,1,108
1e-06,4.24757155253689e-07,0,1,1,1,0,1,1,109
1e-06,4.39760360930272e-07,0,1,1,1,0,1,1,110
1e-06,4.55293507486695e-07,0,1,1,1,0,1,1,111
1e-06,4.71375313411673e-07,0,1,1,1,0,1,1,112
1e-06,4.88025158365443e-07,0,1,1,1,0,1,1,113
1e-06,5.05263106533568e-07,0,1,1,1,0,1,1,114
1e-06,5.23109930805626e-07,0,1,1,1,0,1,1,115
1e-06,5.41587137807948e-07,0,1,1,1,0,1,1,116
1e-06,5.60716993820546e-07,0,1,1,1,0,1,1,117
1e-06,5.8052255160949e-07,0,1,1,1,0,1,1,118
1e-06,6.01027678207039e-07,0,1,1,1,0,1,1,119
1e-06,6.22257083673023e-07,0,1,1,1,0,1,1,120
1e-06,6.44236350872137e-07,0,1,1,1,0,1,1,121
1e-06,6.66991966303011e-07,0,1,1,1,0,1,1,122
1e-06,6.90551352016233e-07,0,1,1,1,0,1,1,123
1e-06,7.14942898659758e-07,0,1,1,1,0,1,1,124
1e-06,7.40195999691565e-07,0,1,1,1,0,1,1,125
1e-06,7.66341086800746e-07,0,1,1,1,0,1,1,126
1e-06,7.93409666579749e-07,0,1,1,1,0,1,1,127
1e-06,8.21434358491942e-07,0,1,1,1,0,1,1,128
1e-06,8.50448934180267e-07,0,1,1,1,0,1,1,129
1e-06,8.80488358164346e-07,0,1,1,1,0,1,1,130
1e-06,9.11588829975082e-07,0,1,1,1,0,1,1,131
1e-06,9.43787827777539e-07,0,1,1,1,0,1,1,132
1e-06,9.7712415353465e-07,0,1,1,1,0,1,1,133
1e-06,1.01163797976621e-06,0,1,1,1,0,1,1,134
1e-06,1.04737089795945e-06,0,1,1,1,0,1,1,135
1e-06,1.08436596868961e-06,0,1,1,1,0,1,1,136
1e-06,1.12266777351081e-06,0,1,1,1,0,1,1,137
1e-06,1.16232246867985e-06,0,1,1,1,0,1,1,138
1e-06,1.20337784077759e-06,0,1,1,1,0,1,1,139
1e-06,1.24588336429501e-06,0,1,1,1,0,1,1,140
1e-06,1.28989026125331e-06,0,1,1,1,0,1,1,141
1e-06,1.3354515629299e-06,0,1,1,1,0,1,1,142
1e-06,1.38262217376466e-06,0,1,1,1,0,1,1,143
1e-06,1.43145893752348e-06,0,1,1,1,0,1,1,144
1e-06,1.48202070579886e-06,0,1,1,1,0,1,1,145
1e-06,1.53436840893001e-06,0,1,1,1,0,1,1,146
1e-06,1.58856512942805e-06,0,1,1,1,0,1,1,147
1e-06,1.64467617799466e-06,0,1,1,1,0,1,1,148
1e-06,1.7027691722259e-06,0,1,1,1,0,1,1,149
1e-06,1.76291411809595e-06,0,1,1,1,0,1,1,150
1e-06,1.82518349431904e-06,0,1,1,1,0,1,1,151
1e-06,1.88965233969121e-06,0,1,1,1,0,1,1,152
1e-06,1.95639834351706e-06,0,1,1,1,0,1,1,153
1e-06,2.02550193923067e-06,0,1,1,1,0,1,1,154
1e-06,2.09704640132323e-06,0,1,1,1,0,1,1,155
1e-06,2.1711179456945e-06,0,1,1,1,0,1,1,156
1e-06,2.24780583354873e-06,0,1,1,1,0,1,1,157
1e-06,2.32720247896041e-06,0,1,1,1,0,1,1,158
1e-06,2.40940356023953e-06,0,1,1,1,0,1,1,159
1e-06,2.49450813523032e-06,0,1,1,1,0,1,1,160
1e-06,2.58261876068267e-06,0,1,1,1,0,1,1,161
1e-06,2.67384161583994e-06,0,1,1,1,0,1,1,162
1e-06,2.76828663039207e-06,0,1,1,1,0,1,1,163
1e-06,2.86606761694825e-06,0,1,1,1,0,1,1,164
1e-06,2.96730240818887e-06,0,1,1,1,0,1,1,165
1e-06,3.07211299886176e-06,0,1,1,1,0,1,1,166
1e-06,3.18062569279412e-06,0,1,1,1,0,1,1,167
1e-06,3.29297125509715e-06,0,1,1,1,0,1,1,168
1e-06,3.40928506974681e-06,0,1,1,1,0,1,1,169
1e-06,3.52970730273065e-06,0,1,1,1,0,1,1,170
1e-06,3.65438307095726e-06,0,1,1,1,0,1,1,171
1e-06,3.78346261713193e-06,0,1,1,1,0,1,1,172
1e-06,3.91710149080926e-06,0,1,1,1,0,1,1,173
1e-06,4.05546073584083e-06,0,1,1,1,0,1,1,174
1e-06,4.19870708444391e-06,0,1,1,1,0,1,1,175
1e-06,4.34701315812503e-06,0,1,1,1,0,1,1,176
1e-06,4.5005576757005e-06,0,1,1,1,0,1,1,177
1e-06,4.65952566866469e-06,0,1,1,1,0,1,1,178
1e-06,4.82410870416537e-06,0,1,1,1,0,1,1,179
1e-06,4.99450511585514e-06,0,1,1,1,0,1,1,180
1e-06,5.17092024289675e-06,0,1,1,1,0,1,1,181
1e-06,5.35356667741072e-06,0,1,1,1,0,1,1,182
1e-06,5.54266452066311e-06,0,1,1,1,0,1,1,183
1e-06,5.73844164830239e-06,0,1,1,1,0,1,1,184
1e-06,5.94113398496504e-06,0,1,1,1,0,1,1,185
1e-06,6.1509857885805e-06,0,1,1,1,0,1,1,186
1e-06,6.36824994471859e-06,0,1,1,1,0,1,1,187
1e-06,6.59318827133354e-06,0,1,1,1,0,1,1,188
1e-06,6.82607183427238e-06,0,1,1,1,0,1,1,189
1e-06,7.06718127392749e-06,0,1,1,1,0,1,1,190
1e-06,7.31680714342721e-06,0,1,1,1,0,1,1,191
1e-06,7.57525025877192e-06,0,1,1,1,0,1,1,192
1e-06,7.84282206133768e-06,0,1,1,1,0,1,1,193
1e-06,8.11984499318401e-06,0,1,1,1,0,1,1,194
1e-06,8.40665288561832e-06,0,1,1,1,0,1,1,195
1e-06,8.70359136148517e-06,0,1,1,1,0,1,1,196
1e-06,9.01101825166502e-06,0,1,1,1,0,1,1,197
1e-06,9.3293040262847e-06,0,1,1,1,0,1,1,198
1e-06,9.65883224115871e-06,0,1,1,1,0,1,1,199
1e-06,1e-05,0,1,1,1,0,1,1,200
1e-06,1e-08,0,1,1,0,1,1,1,201
1e-06,1.03532184329566e-08,0,1,1,0,1,1,1,202
1e-06,1.07189131920513e-08,0,1,1,0,1,1,1,203
1e-06,1.10975249641207e-08,0,1,1,0,1,1,1,204
1e-06,1.14895100018731e-08,0,1,1,0,1,1,1,205
1e-06,1.18953406737032e-08,0,1,1,0,1,1,1,206
1e-06,1.23155060329283e-08,0,1,1,0,1,1,1,207
1e-06,1.27505124071301e-08,0,1,1,0,1,1,1,208
1e-06,1.32008840083142e-08,0,1,1,0,1,1,1,209
1e-06,1.36671635646201e-08,0,1,1,0,1,1,1,210
1e-06,1.41499129743458e-08,0,1,1,0,1,1,1,211
1e-06,1.46497139830728e-08,0,1,1,0,1,1,1,212
1e-06,1.51671688847092e-08,0,1,1,0,1,1,1,213
1e-06,1.57029012472938e-08,0,1,1,0,1,1,1,214
1e-06,1.62575566644379e-08,0,1,1,0,1,1,1,215
1e-06,1.68318035333096e-08,0,1,1,0,1,1,1,216
1e-06,1.74263338600965e-08,0,1,1,0,1,1,1,217
1e-06,1.80418640939207e-08,0,1,1,0,1,1,1,218
1e-06,1.86791359902078e-08,0,1,1,0,1,1,1,219
1e-06,1.93389175045523e-08,0,1,1,0,1,1,1,220
1e-06,2.00220037181558e-08,0,1,1,0,1,1,1,221
1e-06,2.07292177959537e-08,0,1,1,0,1,1,1,222
1e-06,2.14614119785841e-08,0,1,1,0,1,1,1,223
1e-06,2.22194686093952e-08,0,1,1,0,1,1,1,224
1e-06,2.30043011977292e-08,0,1,1,0,1,1,1,225
1e-06,2.38168555197616e-08,0,1,1,0,1,1,1,226
1e-06,2.4658110758226e-08,0,1,1,0,1,1,1,227
1e-06,2.55290806823952e-08,0,1,1,0,1,1,1,228
1e-06,2.6430814869741e-08,0,1,1,0,1,1,1,229
1e-06,2.73643999707467e-08,0,1,1,0,1,1,1,230
1e-06,2.83309610183932e-08,0,1,1,0,1,1,1,231
1e-06,2.93316627839004e-08,0,1,1,0,1,1,1,232
1e-06,3.03677111803546e-08,0,1,1,0,1,1,1,233
1e-06,3.1440354715915e-08,0,1,1,0,1,1,1,234
1e-06,3.25508859983506e-08,0,1,1,0,1,1,1,235
1e-06,3.37006432927192e-08,0,1,1,0,1,1,1,236
1e-06,3.48910121340677e-08,0,1,1,0,1,1,1,237
1e-06,3.61234269970943e-08,0,1,1,0,1,1,1,238
1e-06,3.7399373024788e-08,0,1,1,0,1,1,1,239
1e-06,3.87203878181256e-08,0,1,1,0,1,1,1,240
1e-06,4.00880632889846e-08,0,1,1,0,1,1,1,241
1e-06,4.15040475785047e-08,0,1,1,0,1,1,1,242
1e-06,4.29700470432084e-08,0,1,1,0,1,1,1,243
1e-06,4.44878283112759e-08,0,1,1,0,1,1,1,244
1e-06,4.6059220411451e-08,0,1,1,0,1,1,1,245
1e-06,4.76861169771447e-08,0,1,1,0,1,1,1,246
1e-06,4.937047852839e-08,0,1,1,0,1,1,1,247
1e-06,5.11143348344017e-08,0,1,1,0,1,1,1,248
1e-06,5.29197873595844e-08,0,1,1,0,1,1,1,249
1e-06,5.47890117959395e-08,0,1,1,0,1,1,1,250
1e-06,5.67242606849198e-08,0,1,1,0,1,1,1,251
1e-06,5.87278661318948e-08,0,1,1,0,1,1,1,252
1e-06,6.08022426164943e-08,0,1,1,0,1,1,1,253
1e-06,6.29498899022189e-08,0,1,1,0,1,1,1,254
1e-06,6.51733960488242e-08,0,1,1,0,1,1,1,255
1e-06,6.7475440531107e-08,0,1,1,0,1,1,1,256
1e-06,6.98587974678525e-08,0,1,1,0,1,1,1,257
1e-06,7.23263389648353e-08,0,1,1,0,1,1,1,258
1e-06,7.48810385759003e-08,0,1,1,0,1,1,1,259
1e-06,7.75259748862946e-08,0,1,1,0,1,1,1,260
1e-06,8.02643352225717e-08,0,1,1,0,1,1,1,261
1e-06,8.30994194935339e-08,0,1,1,0,1,1,1,262
1e-06,8.60346441668451e-08,0,1,1,0,1,1,1,263
1e-06,8.90735463861044e-08,0,1,1,0,1,1,1,264
1e-06,9.22197882333432e-08,0,1,1,0,1,1,1,265
1e-06,9.54771611420807e-08,0,1,1,0,1,1,1,266
1e-06,9.88495904662559e-08,0,1,1,0,1,1,1,267
1e-06,1.02341140210545e-07,0,1,1,0,1,1,1,268
1e-06,1.05956017927761e-07,0,1,1,0,1,1,1,269
1e-06,1.09698579789238e-07,0,1,1,0,1,1,1,270
1e-06,1.13573335834311e-07,0,1,1,0,1,1,1,271
1e-06,1.17584955405216e-07,0,1,1,0,1,1,1,272
1e-06,1.21738272773966e-07,0,1,1,0,1,1,1,273
1e-06,1.26038292967973e-07,0,1,1,0,1,1,1,274
1e-06,1.3049019780144e-07,0,1,1,0,1,1,1,275
1e-06,1.35099352119803e-07,0,1,1,0,1,1,1,276
1e-06,1.39871310264724e-07,0,1,1,0,1,1,1,277
1e-06,1.44811822767453e-07,0,1,1,0,1,1,1,278
1e-06,1.49926843278605e-07,0,1,1,0,1,1,1,279
1e-06,1.55222535742705e-07,0,1,1,0,1,1,1,280
1e-06,1.60705281826164e-07,0,1,1,0,1,1,1,281
1e-06,1.66381688607613e-07,0,1,1,0,1,1,1,282
1e-06,1.72258596539879e-07,0,1,1,0,1,1,1,283
1e-06,1.78343087693191e-07,0,1,1,0,1,1,1,284
1e-06,1.84642494289554e-07,0,1,1,0,1,1,1,285
1e-06,1.9116440753857e-07,0,1,1,0,1,1,1,286
1e-06,1.97916686785356e-07,0,1,1,0,1,1,1,287
1e-06,2.04907468981585e-07,0,1,1,0,1,1,1,288
1e-06,2.12145178491063e-07,0,1,1,0,1,1,1,289
1e-06,2.19638537241655e-07,0,1,1,0,1,1,1,290
1e-06,2.27396575235793e-07,0,1,1,0,1,1,1,291
1e-06,2.35428641432242e-07,0,1,1,0,1,1,1,292
1e-06,2.43744415012222e-07,0,1,1,0,1,1,1,293
1e-06,2.52353917043477e-07,0,1,1,0,1,1,1,294
1e-06,2.61267522556333e-07,0,1,1,0,1,1,1,295
1e-06,2.70495973046314e-07,0,1,1,0,1,1,1,296
1e-06,2.80050389418363e-07,0,1,1,0,1,1,1,297
1e-06,2.89942285388288e-07,0,1,1,0,1,1,1,298
1e-06,3.00183581357559e-07,0,1,1,0,1,1,1,299
1e-06,3.10786618778201e-07,0,1,1,0,1,1,1,300
1e-06,3.21764175025074e-07,0,1,1,0,1,1,1,301
1e-06,3.33129478793467e-07,0,1,1,0,1,1,1,302
1e-06,3.44896226040576e-07,0,1,1,0,1,1,1,303
1e-06,3.57078596490046e-07,0,1,1,0,1,1,1,304
1e-06,3.69691270719502e-07,0,1,1,0,1,1,1,305
1e-06,3.82749447851632e-07,0,1,1,0,1,1,1,306
1e-06,3.96268863870148e-07,0,1,1,0,1,1,1,307
1e-06,4.10265810582719e-07,0,1,1,0,1,1,1,308
1e-06,4.24757155253689e-07,0,1,1,0,1,1,1,309
1e-06,4.39760360930272e-07,0,1,1,0,1,1,1,310
1e-06,4.55293507486695e-07,0,1,1,0,1,1,1,311
1e-06,4.71375313411673e-07,0,1,1,0,1,1,1,312
1e-06,4.88025158365443e-07,0,1,1,0,1,1,1,313
1e-06,5.05263106533568e-07,0,1,1,0,1,1,1,314
1e-06,5.23109930805626e-07,0,1,1,0,1,1,1,315
1e-06,5.41587137807948e-07,0,1,1,0,1,1,1,316
1e-06,5.60716993820546e-07,0,1,1,0,1,1,1,317
1e-06,5.8052255160949e-07,0,1,1,0,1,1,1,318
1e-06,6.01027678207039e-07,0,1,1,0,1,1,1,319
1e-06,6.22257083673023e-07,0,1,1,0,1,1,1,320
1e-06,6.44236350872137e-07,0,1,1,0,1,1,1,321
1e-06,6.66991966303011e-07,0,1,1,0,1,1,1,322
1e-06,6.90551352016233e-07,0,1,1,0,1,1,1,323
1e-06,7.14942898659758e-07,0,1,1,0,1,1,1,324
1e-06,7.40195999691565e-07,0,1,1,0,1,1,1,325
1e-06,7.66341086800746e-07,0,1,1,0,1,1,1,326
1e-06,7.93409666579749e-07,0,1,1,0,1,1,1,327
1e-06,8.21434358491942e-07,0,1,1,0,1,1,1,328
1e-06,8.50448934180267e-07,0,1,1,0,1,1,1,329
1e-06,8.80488358164346e-07,0,1,1,0,1,1,1,330
1e-06,9.11588829975082e-07,0,1,1,0,1,1,1,331
1e-06,9.43787827777539e-07,0,1,1,0,1,1,1,332
1e-06,9.7712415353465e-07,0,1,1,0,1,1,1,333
1e-06,1.01163797976621e-06,0,1,1,0,1,1,1,334
1e-06,1.04737089795945e-06,0,1,1,0,1,1,1,335
1e-06,1.08436596868961e-06,0,1,1,0,1,1,1,336
1e-06,1.12266777351081e-06,0,1,1,0,1,1,1,337
1e-06,1.16232246867985e-06,0,1,1,0,1,1,1,338
1e-06,1.20337784077759e-06,0,1,1,0,1,1,1,339
1e-06,1.24588336429501e-06,0,1,1,0,1,1,1,340
1e-06,1.28989026125331e-06,0,1,1,0,1,1,1,341
1e-06,1.3354515629299e-06,0,1,1,0,1,1,1,342
1e-06,1.38262217376466e-06,0,1,1,0,1,1,1,343
1e-06,1.43145893752348e-06,0,1,1,0,1,1,1,344
1e-06,1.48202070579886e-06,0,1,1,0,1,1,1,345
1e-06,1.53436840893001e-06,0,1,1,0,1,1,1,346
1e-06,1.58856512942805e-06,0,1,1,0,1,1,1,347
1e-06,1.64467617799466e-06,0,1,1,0,1,1,1,348
1e-06,1.7027691722259e-06,0,1,1,0,1,1,1,349
1e-06,1.76291411809595e-06,0,1,1,0,1,1,1,350
1e-06,1.82518349431904e-06,0,1,1,0,1,1,1,351
1e-06,1.88965233969121e-06,0,1,1,0,1,1,1,352
1e-06,1.95639834351706e-06,0,1,1,0,1,1,1,353
1e-06,2.02550193923067e-06,0,1,1,0,1,1,1,354
1e-06,2.09704640132323e-06,0,1,1,0,1,1,1,355
1e-06,2.1711179456945e-06,0,1,1,0,1,1,1,356
1e-06,2.24780583354873e-06,0,1,1,0,1,1,1,357
1e-06,2.32720247896041e-06,0,1,1,0,1,1,1,358
1e-06,2.40940356023953e-06,0,1,1,0,1,1,1,359
1e-06,2.49450813523032e-06,0,1,1,0,1,1,1,360
1e-06,2.58261876068267e-06,0,1,1,0,1,1,1,361
1e-06,2.67384161583994e-06,0,1,1,0,1,1,1,362
1e-06,2.76828663039207e-06,0,1,1,0,1,1,1,363
1e-06,2.86606761694825e-06,0,1,1,0,1,1,1,364
1e-06,2.96730240818887e-06,0,1,1,0,1,1,1,365
1e-06,3.07211299886176e-06,0,1,1,0,1,1,1,366
1e-06,3.18062569279412e-06,0,1,1,0,1,1,1,367
1e-06,3.29297125509715e-06,0,1,1,0,1,1,1,368
1e-06,3.40928506974681e-06,0,1,1,0,1,1,1,369
1e-06,3.52970730273065e-06,0,1,1,0,1,1,1,370
1e-06,3.65438307095726e-06,0,1,1,0,1,1,1,371
1e-06,3.78346261713193e-06,0,1,1,0,1,1,1,372
1e-06,3.91710149080926e-06,0,1,1,0,1,1,1,373
1e-06,4.05546073584083e-06,0,1,1,0,1,1,1,374
1e-06,4.19870708444391e-06,0,1,1,0,1,1,1,375
1e-06,4.34701315812503e-06,0,1,1,0,1,1,1,376
1e-06,4.5005576757005e-06,0,1,1,0,1,1,1,377
1e-06,4.65952566866469e-06,0,1,1,0,1,1,1,378
1e-06,4.82410870416537e-06,0,1,1,0,1,1,1,379
1e-06,4.99450511585514e-06,0,1,1,0,1,1,1,380
1e-06,5.17092024289675e-06,0,1,1,0,1,1,1,381
1e-06,5.35356667741072e-06,0,1,1,0,1,1,1,382
1e-06,5.54266452066311e-06,0,1,1,0,1,1,1,383
1e-06,5.73844164830239e-06,0,1,1,0,1,1,1,384
1e-06,5.94113398496504e-06,0,1,1,0,1,1,1,385
1e-06,6.1509857885805e-06,0,1,1,0,1,1,1,386
1e-06,6.36824994471859e-06,0,1,1,0,1,1,1,387
1e-06,6.59318827133354e-06,0,1,1,0,1,1,1,388
1e-06,6.82607183427238e-06,0,1,1,0,1,1,1,389
1e-06,7.06718127392749e-06,0,1,1,0,1,1,1,390
1e-06,7.31680714342721e-06,0,1,1,0,1,1,1,391
1e-06,7.57525025877192e-06,0,1,1,0,1,1,1,392
1e-06,7.84282206133768e-06,0,1,1,0,1,1,1,393
1e-06,8.11984499318401e-06,0,1,1,0,1,1,1,394
1e-06,8.40665288561832e-06,0,1,1,0,1,1,1,395
1e-06,8.70359136148517e-06,0,1,1,0,1,1,1,396
1e-06,9.01101825166502e-06,0,1,1,0,1,1,1,397
1e-06,9.3293040262847e-06,0,1,1,0,1,1,1,398
1e-06,9.65883224115871e-06,0,1,1,0,1,1,1,399
1e-06,1e-05,0,1,1,0,1,1,1,400
1e-06,1e-08,0,1,1,0,0,1,1,401
1e-06,1.03532184329566e-08,0,1,1,0,0,1,1,402
1e-06,1.07189131920513e-08,0,1,1,0,0,1,1,403
1e-06,1.10975249641207e-08,0,1,1,0,0,1,1,404
1e-06,1.14895100018731e-08,0,1,1,0,0,1,1,405
1e-06,1.18953406737032e-08,0,1,1,0,0,1,1,406
1e-06,1.23155060329283e-08,0,1,1,0,0,1,1,407
1e-06,1.27505124071301e-08,0,1,1,0,0,1,1,408
1e-06,1.32008840083142e-08,0,1,1,0,0,1,1,409
1e-06,1.36671635646201e-08,0,1,1,0,0,1,1,410
1e-06,1.41499129743458e-08,0,1,1,0,0,1,1,411
1e-06,1.46497139830728e-08,0,1,1,0,0,1,1,412
1e-06,1.51671688847092e-08,0,1,1,0,0,1,1,413
1e-06,1.57029012472938e-08,0,1,1,0,0,1,1,414
1e-06,1.62575566644379e-08,0,1,1,0,0,1,1,415
1e-06,1.68318035333096e-08,0,1,1,0,0,1,1,416
1e-06,1.74263338600965e-08,0,1,1,0,0,1,1,417
1e-06,1.80418640939207e-08,0,1,1,0,0,1,1,418
1e-06,1.86791359902078e-08,0,1,1,0,0,1,1,419
1e-06,1.93389175045523e-08,0,1,1,0,0,1,1,420
1e-06,2.00220037181558e-08,0,1,1,0,0,1,1,421
1e-06,2.07292177959537e-08,0,1,1,0,0,1,1,422
1e-06,2.14614119785841e-08,0,1,1,0,0,1,1,423
1e-06,2.22194686093952e-08,0,1,1,0,0,1,1,424
1e-06,2.30043011977292e-08,0,1,1,0,0,1,1,425
1e-06,2.38168555197616e-08,0,1,1,0,0,1,1,426
1e-06,2.4658110758226e-08,0,1,1,0,0,1,1,427
1e-06,2.55290806823952e-08,0,1,1,0,0,1,1,428
1e-06,2.6430814869741e-08,0,1,1,0,0,1,1,429
1e-06,2.73643999707467e-08,0,1,1,0,0,1,1,430
1e-06,2.83309610183932e-08,0,1,1,0,0,1,1,431
1e-06,2.93316627839004e-08,0,1,1,0,0,1,1,432
1e-06,3.03677111803546e-08,0,1,1,0,0,1,1,433
1e-06,3.1440354715915e-08,0,1,1,0,0,1,1,434
1e-06,3.25508859983506e-08,0,1,1,0,0,1,1,435
1e-06,3.37006432927192e-08,0,1,1,0,0,1,1,436
1e-06,3.48910121340677e-08,0,1,1,0,0,1,1,437
1e-06,3.61234269970943e-08,0,1,1,0,0,1,1,438
1e-06,3.7399373024788e-08,0,1,1,0,0,1,1,439
1e-06,3.87203878181256e-08,0,1,1,0,0,1,1,440
1e-06,4.00880632889846e-08,0,1,1,0,0,1,1,441
1e-06,4.15040475785047e-08,0,1,1,0,0,1,1,442
1e-06,4.29700470432084e-08,0,1,1,0,0,1,1,443
1e-06,4.44878283112759e-08,0,1,1,0,0,1,1,444
1e-06,4.6059220411451e-08,0,1,1,0,0,1,1,445
1e-06,4.76861169771447e-08,0,1,1,0,0,1,1,446
1e-06,4.937047852839e-08,0,1,1,0,0,1,1,447
1e-06,5.11143348344017e-08,0,1,1,0,0,1,1,448
1e-06,5.29197873595844e-08,0,1,1,0,0,1,1,449
1e-06,5.47890117959395e-08,0,1,1,0,0,1,1,450
1e-06,5.67242606849198e-08,0,1,1,0,0,1,1,451
1e-06,5.87278661318948e-08,0,1,1,0,0,1,1,452
1e-06,6.08022426164943e-08,0,1,1,0,0,1,1,453
1e-06,6.29498899022189e-08,0,1,1,0,0,1,1,454
1e-06,6.51733960488242e-08,0,1,1,0,0,1,1,455
1e-06,6.7475440531107e-08,0,1,1,0,0,1,1,456
1e-06,6.98587974678525e-08,0,1,1,0,0,1,1,457
1e-06,7.23263389648353e-08,0,1,1,0,0,1,1,458
1e-06,7.48810385759003e-08,0,1,1,0,0,1,1,459
1e-06,7.75259748862946e-08,0,1,1,0,0,1,1,460
1e-06,8.02643352225717e-08,0,1,1,0,0,1,1,461
1e-06,8.30994194935339e-08,0,1,1,0,0,1,1,462
1e-06,8.60346441668451e-08,0,1,1,0,0,1,1,463
1e-06,8.90735463861044e-08,0,1,1,0,0,1,1,464
1e-06,9.22197882333432e-08,0,1,1,0,0,1,1,465
1e-06,9.54771611420807e-08,0,1,1,0,0,1,1,466
1e-06,9.88495904662559e-08,0,1,1,0,0,1,1,467
1e-06,1.02341140210545e-07,0,1,1,0,0,1,1,468
1e-06,1.05956017927761e-07,0,1,1,0,0,1,1,469
1e-06,1.09698579789238e-07,0,1,1,0,0,1,1,470
1e-06,1.13573335834311e-07,0,1,1,0,0,1,1,471
1e-06,1.17584955405216e-07,0,1,1,0,0,1,1,472
1e-06,1.21738272773966e-07,0,1,1,0,0,1,1,473
1e-06,1.26038292967973e-07,0,1,1,0,0,1,1,474
1e-06,1.3049019780144e-07,0,1,1,0,0,1,1,475
1e-06,1.35099352119803e-07,0,1,1,0,0,1,1,476
1e-06,1.39871310264724e-07,0,1,1,0,0,1,1,477
1e-06,1.44811822767453e-07,0,1,1,0,0,1,1,478
1e-06,1.49926843278605e-07,0,1,1,0,0,1,1,479
1e-06,1.55222535742705e-07,0,1,1,0,0,1,1,480
1e-06,1.60705281826164e-07,0,1,1,0,0,1,1,481
1e-06,1.66381688607613e-07,0,1,1,0,0,1,1,482
1e-06,1.72258596539879e-07,0,1,1,0,0,1,1,483
1e-06,1.78343087693191e-07,0,1,1,0,0,1,1,484
1e-06,1.84642494289554e-07,0,1,1,0,0,1,1,485
1e-06,1.9116440753857e-07,0,1,1,0,0,1,1,486
1e-06,1.97916686785356e-07,0,1,1,0,0,1,1,487
1e-06,2.04907468981585e-07,0,1,1,0,0,1,1,488
1e-06,2.12145178491063e-07,0,1,1,0,0,1,1,489
1e-06,2.19638537241655e-07,0,1,1,0,0,1,1,490
1e-06,2.27396575235793e-07,0,1,1,0,0,1,1,491
1e-06,2.35428641432242e-07,0,1,1,0,0,1,1,492
1e-06,2.43744415012222e-07,0,1,1,0,0,1,1,493
1e-06,2.52353917043477e-07,0,1,1,0,0,1,1,494
1e-06,2.61267522556333e-07,0,1,1,0,0,1,1,495
1e-06,2.70495973046314e-07,0,1,1,0,0,1,1,496
1e-06,2.80050389418363e-07,0,1,1,0,0,1,1,497
1e-06,2.89942285388288e-07,0,1,1,0,0,1,1,498
1e-06,3.00183581357559e-07,0,1,1,0,0,1,1,499
1e-06,3.10786618778201e-07,0,1,1,0,0,1,1,500
1e-06,3.21764175025074e-07,0,1,1,0,0,1,1,501
1e-06,3.33129478793467e-07,0,1,1,0,0,1,1,502
1e-06,3.44896226040576e-07,0,1,1,0,0,1,1,503
1e-06,3.57078596490046e-07,0,1,1,0,0,1,1,504
1e-06,3.69691270719502e-07,0,1,1,0,0,1,1,505
1e-06,3.82749447851632e-07,0,1,1,0,0,1,1,506
1e-06,3.96268863870148e-07,0,1,1,0,0,1,1,507
1e-06,4.10265810582719e-07,0,1,1,0,0,1,1,508
1e-06,4.24757155253689e-07,0,1,1,0,0,1,1,509
1e-06,4.39760360930272e-07,0,1,1,0,0,1,1,510
1e-06,4.55293507486695e-07,0,1,1,0,0,1,1,511
1e-06,4.71375313411673e-07,0,1,1,0,0,1,1,512
1e-06,4.88025158365443e-07,0,1,1,0,0,1,1,513
1e-06,5.05263106533568e-07,0,1,1,0,0,1,1,514
1e-06,5.23109930805626e-07,0,1,1,0,0,1,1,515
1e-06,5.41587137807948e-07,0,1,1,0,0,1,1,516
1e-06,5.60716993820546e-07,0,1,1,0,0,1,1,517
1e-06,5.8052255160949e-07,0,1,1,0,0,1,1,518
1e-06,6.01027678207039e-07,0,1,1,0,0,1,1,519
1e-06,6.22257083673023e-07,0,1,1,0,0,1,1,520
1e-06,6.44236350872137e-07,0,1,1,0,0,1,1,521
1e-06,6.66991966303011e-07,0,1,1,0,0,1,1,522
1e-06,6.90551352016233e-07,0,1,1,0,0,1,1,523
1e-06,7.14942898659758e-07,0,1,1,0,0,1,1,524
1e-06,7.40195999691565e-07,0,1,1,0,0,1,1,525
1e-06,7.66341086800746e-07,0,1,1,0,0,1,1,526
1e-06,7.93409666579749e-07,0,1,1,0,0,1,1,527
1e-06,8.21434358491942e-07,0,1,1,0,0,1,1,528
1e-06,8.50448934180267e-07,0,1,1,0,0,1,1,529
1e-06,8.80488358164346e-07,0,1,1,0,0,1,1,530
1e-06,9.11588829975082e-07,0,1,1,0,0,1,1,531
1e-06,9.43787827777539e-07,0,1,1,0,0,1,1,532
1e-06,9.7712415353465e-07,0,1,1,0,0,1,1,533
1e-06,1.01163797976621e-06,0,1,1,0,0,1,1,534
1e-06,1.04737089795945e-06,0,1,1,0,0,1,1,535
1e-06,1.08436596868961e-06,0,1,1,0,0,1,1,536
1e-06,1.12266777351081e-06,0,1,1,0,0,1,1,537
1e-06,1.16232246867985e-06,0,1,1,0,0,1,1,538
1e-06,1.20337784077759e-06,0,1,1,0,0,1,1,539
1e-06,1.24588336429501e-06,0,1,1,0,0,1,1,540
1e-06,1.28989026125331e-06,0,1,1,0,0,1,1,541
1e-06,1.3354515629299e-06,0,1,1,0,0,1,1,542
1e-06,1.38262217376466e-06,0,1,1,0,0,1,1,543
1e-06,1.43145893752348e-06,0,1,1,0,0,1,1,544
1e-06,1.48202070579886e-06,0,1,1,0,0,1,1,545
1e-06,1.53436840893001e-06,0,1,1,0,0,1,1,546
1e-06,1.58856512942805e-06,0,1,1,0,0,1,1,547
1e-06,1.64467617799466e-06,0,1,1,0,0,1,1,548
1e-06,1.7027691722259e-06,0,1,1,0,0,1,1,549
1e-06,1.76291411809595e-06,0,1,1,0,0,1,1,550
1e-06,1.82518349431904e-06,0,1,1,0,0,1,1,551
1e-06,1.88965233969121e-06,0,1,1,0,0,1,1,552
1e-06,1.95639834351706e-06,0,1,1,0,0,1,1,553
1e-06,2.02550193923067e-06,0,1,1,0,0,1,1,554
1e-06,2.09704640132323e-06,0,1,1,0,0,1,1,555
1e-06,2.1711179456945e-06,0,1,1,0,0,1,1,556
1e-06,2.24780583354873e-06,0,1,1,0,0,1,1,557
1e-06,2.32720247896041e-06,0,1,1,0,0,1,1,558
1e-06,2.40940356023953e-06,0,1,1,0,0,1,1,559
1e-06,2.49450813523032e-06,0,1,1,0,0,1,1,560
1e-06,2.58261876068267e-06,0,1,1,0,0,1,1,561
1e-06,2.67384161583994e-06,0,1,1,0,0,1,1,562
1e-06,2.76828663039207e-06,0,1,1,0,0,1,1,563
1e-06,2.86606761694825e-06,0,1,1,0,0,1,1,564
1e-06,2.96730240818887e-06,0,1,1,0,0,1,1,565
1e-06,3.07211299886176e-06,0,1,1,0,0,1,1,566
1e-06,3.18062569279412e-06,0,1,1,0,0,1,1,567
1e-06,3.29297125509715e-06,0,1,1,0,0,1,1,568
1e-06,3.40928506974681e-06,0,1,1,0,0,1,1,569
1e-06,3.52970730273065e-06,0,1,1,0,0,1,1,570
1e-06,3.65438307095726e-06,0,1,1,0,0,1,1,571
1e-06,3.78346261713193e-06,0,1,1,0,0,1,1,572
1e-06,3.91710149080926e-06,0,1,1,0,0,1,1,573
1e-06,4.05546073584083e-06,0,1,1,0,0,1,1,574
1e-06,4.19870708444391e-06,0,1,1,0,0,1,1,575
1e-06,4.34701315812503e-06,0,1,1,0,0,1,1,576
1e-06,4.5005576757005e-06,0,1,1,0,0,1,1,577
1e-06,4.65952566866469e-06,0,1,1,0,0,1,1,578
1e-06,4.82410870416537e-06,0,1,1,0,0,1,1,579
1e-06,4.99450511585514e-06,0,1,1,0,0,1,1,580
1e-06,5.17092024289675e-06,0,1,1,0,0,1,1,581
1e-06,5.35356667741072e-06,0,1,1,0,0,1,1,582
1e-06,5.54266452066311e-06,0,1,1,0,0,1,1,583
1e-06,5.73844164830239e-06,0,1,1,0,0,1,1,584
1e-06,5.94113398496504e-06,0,1,1,0,0,1,1,585
1e-06,6.1509857885805e-06,0,1,1,0,0,1,1,586
1e-06,6.36824994471859e-06,0,1,1,0,0,1,1,587
1e-06,6.59318827133354e-06,0,1,1,0,0,1,1,588
1e-06,6.82607183427238e-06,0,1,1,0,0,1,1,589
1e-06,7.06718127392749e-06,0,1,1,0,0,1,1,590
1e-06,7.31680714342721e-06,0,1,1,0,0,1,1,591
1e-06,7.57525025877192e-06,0,1,1,0,0,1,1,592
1e-06,7.84282206133768e-06,0,1,1,0,0,1,1,593
1e-06,8.11984499318401e-06,0,1,1,0,0,1,1,594
1e-06,8.40665288561832e-06,0,1,1,0,0,1,1,595
1e-06,8.70359136148517e-06,0,1,1,0,0,1,1,596
1e-06,9.01101825166502e-06,0,1,1,0,0,1,1,597
1e-06,9.3293040262847e-06,0,1,1,0,0,1,1,598
1e-06,9.65883224115871e-06,0,1,1,0,0,1,1,599
1e-06,1e-05,0,1,1,0,0,1,1,600
1e-06,1e-08,0,1,1,1,0,10,10,601
1e-06,1.03532184329566e-08,0,1,1,1,0,10,10,602
1e-06,1.07189131920513e-08,0,1,1,1,0,10,10,603
1e-06,1.10975249641207e-08,0,1,1,1,0,10,10,604
1e-06,1.14895100018731e-08,0,1,1,1,0,10,10,605
1e-06,1.18953406737032e-08,0,1,1,1,0,10,10,606
1e-06,1.23155060329283e-08,0,1,1,1,0,10,10,607
1e-06,1.27505124071301e-08,0,1,1,1,0,10,10,608
1e-06,1.32008840083142e-08,0,1,1,1,0,10,10,609
1e-06,1.36671635646201e-08,0,1,1,1,0,10,10,610
1e-06,1.41499129743458e-08,0,1,1,1,0,10,10,611
1e-06,1.46497139830728e-08,0,1,1,1,0,10,10,612
1e-06,1.51671688847092e-08,0,1,1,1,0,10,10,613
1e-06,1.57029012472938e-08,0,1,1,1,0,10,10,614
1e-06,1.62575566644379e-08,0,1,1,1,0,10,10,615
1e-06,1.68318035333096e-08,0,1,1,1,0,10,10,616
1e-06,1.74263338600965e-08,0,1,1,1,0,10,10,617
1e-06,1.80418640939207e-08,0,1,1,1,0,10,10,618
1e-06,1.86791359902078e-08,0,1,1,1,0,10,10,619
1e-06,1.93389175045523e-08,0,1,1,1,0,10,10,620
1e-06,2.00220037181558e-08,0,1,1,1,0,10,10,621
1e-06,2.07292177959537e-08,0,1,1,1,0,10,10,622
1e-06,2.14614119785841e-08,0,1,1,1,0,10,10,623
1e-06,2.22194686093952e-08,0,1,1,1,0,10,10,624
1e-06,2.30043011977292e-08,0,1,1,1,0,10,10,625
1e-06,2.38168555197616e-08,0,1,1,1,0,10,10,626
1e-06,2.4658110758226e-08,0,1,1,1,0,10,10,627
1e-06,2.55290806823952e-08,0,1,1,1,0,10,10,628
1e-06,2.6430814869741e-08,0,1,1,1,0,10,10,629
1e-06,2.73643999707467e-08,0,1,1,1,0,10,10,630
1e-06,2.83309610183932e-08,0,1,1,1,0,10,10,631
1e-06,2.93316627839004e-08,0,1,1,1,0,10,10,632
1e-06,3.03677111803546e-08,0,1,1,1,0,10,10,633
1e-06,3.1440354715915e-08,0,1,1,1,0,10,10,634
1e-06,3.25508859983506e-08,0,1,1,1,0,10,10,635
1e-06,3.37006432927192e-08,0,1,1,1,0,10,10,636
1e-06,3.48910121340677e-08,0,1,1,1,0,10,10,637
1e-06,3.61234269970943e-08,0,1,1,1,0,10,10,638
1e-06,3.7399373024788e-08,0,1,1,1,0,10,10,639
1e-06,3.87203878181256e-08,0,1,1,1,0,10,10,640
1e-06,4.00880632889846e-08,0,1,1,1,0,10,10,641
1e-06,4.15040475785047e-08,0,1,1,1,0,10,10,642
1e-06,4.29700470432084e-08,0,1,1,1,0,10,10,643
1e-06,4.44878283112759e-08,0,1,1,1,0,10,10,644
1e-06,4.6059220411451e-08,0,1,1,1,0,10,10,645
1e-06,4.76861169771447e-08,0,1,1,1,0,10,10,646
1e-06,4.937047852839e-08,0,1,1,1,0,10,10,647
1e-06,5.11143348344017e-08,0,1,1,1,0,10,10,648
1e-06,5.29197873595844e-08,0,1,1,1,0,10,10,649
1e-06,5.47890117959395e-08,0,1,1,1,0,10,10,650
1e-06,5.67242606849198e-08,0,1,1,1,0,10,10,651
1e-06,5.87278661318948e-08,0,1,1,1,0,10,10,652
1e-06,6.08022426164943e-08,0,1,1,1,0,10,10,653
1e-06,6.29498899022189e-08,0,1,1,1,0,10,10,654
1e-06,6.51733960488242e-08,0,1,1,1,0,10,10,655
1e-06,6.7475440531107e-08,0,1,1,1,0,10,10,656
1e-06,6.98587974678525e-08,0,1,1,1,0,10,10,657
1e-06,7.23263389648353e-08,0,1,1,1,0,10,10,658
1e-06,7.48810385759003e-08,0,1,1,1,0,10,10,659
1e-06,7.75259748862946e-08,0,1,1,1,0,10,10,660
1e-06,8.02643352225717e-08,0,1,1,1,0,10,10,661
1e-06,8.30994194935339e-08,0,1,1,1,0,10,10,662
1e-06,8.60346441668451e-08,0,1,1,1,0,10,10,663
1e-06,8.90735463861044e-08,0,1,1,1,0,10,10,664
1e-06,9.22197882333432e-08,0,1,1,1,0,10,10,665
1e-06,9.54771611420807e-08,0,1,1,1,0,10,10,666
1e-06,9.88495904662559e-08,0,1,1,1,0,10,10,667
1e-06,1.02341140210545e-07,0,1,1,1,0,10,10,668
1e-06,1.05956017927761e-07,0,1,1,1,0,10,10,669
1e-06,1.09698579789238e-07,0,1,1,1,0,10,10,670
1e-06,1.13573335834311e-07,0,1,1,1,0,10,10,671
1e-06,1.17584955405216e-07,0,1,1,1,0,10,10,672
1e-06,1.21738272773966e-07,0,1,1,1,0,10,10,673
1e-06,1.26038292967973e-07,0,1,1,1,0,10,10,674
1e-06,1.3049019780144e-07,0,1,1,1,0,10,10,675
1e-06,1.35099352119803e-07,0,1,1,1,0,10,10,676
1e-06,1.39871310264724e-07,0,1,1,1,0,10,10,677
1e-06,1.44811822767453e-07,0,1,1,1,0,10,10,678
1e-06,1.49926843278605e-07,0,1,1,1,0,10,10,679
1e-06,1.55222535742705e-07,0,1,1,1,0,10,10,680
1e-06,1.60705281826164e-07,0,1,1,1,0,10,10,681
1e-06,1.66381688607613e-07,0,1,1,1,0,10,10,682
1e-06,1.72258596539879e-07,0,1,1,1,0,10,10,683
1e-06,1.78343087693191e-07,0,1,1,1,0,10,10,684
1e-06,1.84642494289554e-07,0,1,1,1,0,10,10,685
1e-06,1.9116440753857e-07,0,1,1,1,0,10,10,686
1e-06,1.97916686785356e-07,0,1,1,1,0,10,10,687
1e-06,2.04907468981585e-07,0,1,1,1,0,10,10,688
1e-06,2.12145178491063e-07,0,1,1,1,0,10,10,689
1e-06,2.19638537241655e-07,0,1,1,1,0,10,10,690
1e-06,2.27396575235793e-07,0,1,1,1,0,10,10,691
1e-06,2.35428641432242e-07,0,1,1,1,0,10,10,692
1e-06,2.43744415012222e-07,0,1,1,1,0,10,10,693
1e-06,2.52353917043477e-07,0,1,1,1,0,10,10,694
1e-06,2.61267522556333e-07,0,1,1,1,0,10,10,695
1e-06,2.70495973046314e-07,0,1,1,1,0,10,10,696
1e-06,2.80050389418363e-07,0,1,1,1,0,10,10,697
1e-06,2.89942285388288e-07,0,1,1,1,0,10,10,698
1e-06,3.00183581357559e-07,0,1,1,1,0,10,10,699
1e-06,3.10786618778201e-07,0,1,1,1,0,10,10,700
1e-06,3.21764175025074e-07,0,1,1,1,0,10,10,701
1e-06,3.33129478793467e-07,0,1,1,1,0,10,10,702
1e-06,3.44896226040576e-07,0,1,1,1,0,10,10,703
1e-06,3.57078596490046e-07,0,1,1,1,0,10,10,704
1e-06,3.69691270719502e-07,0,1,1,1,0,10,10,705
1e-06,3.82749447851632e-07,0,1,1,1,0,10,10,706
1e-06,3.96268863870148e-07,0,1,1,1,0,10,10,707
1e-06,4.10265810582719e-07,0,1,1,1,0,10,10,708
1e-06,4.24757155253689e-07,0,1,1,1,0,10,10,709
1e-06,4.39760360930272e-07,0,1,1,1,0,10,10,710
1e-06,4.55293507486695e-07,0,1,1,1,0,10,10,711
1e-06,4.71375313411673e-07,0,1,1,1,0,10,10,712
1e-06,4.88025158365443e-07,0,1,1,1,0,10,10,713
1e-06,5.05263106533568e-07,0,1,1,1,0,10,10,714
1e-06,5.23109930805626e-07,0,1,1,1,0,10,10,715
1e-06,5.41587137807948e-07,0,1,1,1,0,10,10,716
1e-06,5.60716993820546e-07,0,1,1,1,0,10,10,717
1e-06,5.8052255160949e-07,0,1,1,1,0,10,10,718
1e-06,6.01027678207039e-07,0,1,1,1,0,10,10,719
1e-06,6.22257083673023e-07,0,1,1,1,0,10,10,720
1e-06,6.44236350872137e-07,0,1,1,1,0,10,10,721
1e-06,6.66991966303011e-07,0,1,1,1,0,10,10,722
1e-06,6.90551352016233e-07,0,1,1,1,0,10,10,723
1e-06,7.14942898659758e-07,0,1,1,1,0,10,10,724
1e-06,7.40195999691565e-07,0,1,1,1,0,10,10,725
1e-06,7.66341086800746e-07,0,1,1,1,0,10,10,726
1e-06,7.93409666579749e-07,0,1,1,1,0,10,10,727
1e-06,8.21434358491942e-07,0,1,1,1,0,10,10,728
1e-06,8.50448934180267e-07,0,1,1,1,0,10,10,729
1e-06,8.80488358164346e-07,0,1,1,1,0,10,10,730
1e-06,9.11588829975082e-07,0,1,1,1,0,10,10,731
1e-06,9.43787827777539e-07,0,1,1,1,0,10,10,732
1e-06,9.7712415353465e-07,0,1,1,1,0,10,10,733
1e-06,1.01163797976621e-06,0,1,1,1,0,10,10,734
1e-06,1.04737089795945e-06,0,1,1,1,0,10,10,735
1e-06,1.08436596868961e-06,0,1,1,1,0,10,10,736
1e-06,1.12266777351081e-06,0,1,1,1,0,10,10,737
1e-06,1.16232246867985e-06,0,1,1,1,0,10,10,738
1e-06,1.20337784077759e-06,0,1,1,1,0,10,10,739
1e-06,1.24588336429501e-06,0,1,1,1,0,10,10,740
1e-06,1.28989026125331e-06,0,1,1,1,0,10,10,741
1e-06,1.3354515629299e-06,0,1,1,1,0,10,10,742
1e-06,1.38262217376466e-06,0,1,1,1,0,10,10,743
1e-06,1.43145893752348e-06,0,1,1,1,0,10,10,744
1e-06,1.48202070579886e-06,0,1,1,1,0,10,10,745
1e-06,1.53436840893001e-06,0,1,1,1,0,10,10,746
1e-06,1.58856512942805e-06,0,1,1,1,0,10,10,747
1e-06,1.64467617799466e-06,0,1,1,1,0,10,10,748
1e-06,1.7027691722259e-06,0,1,1,1,0,10,10,749
1e-06,1.76291411809595e-06,0,1,1,1,0,10,10,750
1e-06,1.82518349431904e-06,0,1,1,1,0,10,10,751
1e-06,1.88965233969121e-06,0,1,1,1,0,10,10,752
1e-06,1.95639834351706e-06,0,1,1,1,0,10,10,753
1e-06,2.02550193923067e-06,0,1,1,1,0,10,10,754
1e-06,2.09704640132323e-06,0,1,1,1,0,10,10,755
1e-06,2.1711179456945e-06,0,1,1,1,0,10,10,756
1e-06,2.24780583354873e-06,0,1,1,1,0,10,10,757
1e-06,2.32720247896041e-06,0,1,1,1,0,10,10,758
1e-06,2.40940356023953e-06,0,1,1,1,0,10,10,759
1e-06,2.49450813523032e-06,0,1,1,1,0,10,10,760
1e-06,2.58261876068267e-06,0,1,1,1,0,10,10,761
1e-06,2.67384161583994e-06,0,1,1,1,0,10,10,762
1e-06,2.76828663039207e-06,0,1,1,1,0,10,10,763
1e-06,2.86606761694825e-06,0,1,1,1,0,10,10,764
1e-06,2.96730240818887e-06,0,1,1,1,0,10,10,765
1e-06,3.07211299886176e-06,0,1,1,1,0,10,10,766
1e-06,3.18062569279412e-06,0,1,1,1,0,10,10,767
1e-06,3.29297125509715e-06,0,1,1,1,0,10,10,768
1e-06,3.40928506974681e-06,0,1,1,1,0,10,10,769
1e-06,3.52970730273065e-06,0,1,1,1,0,10,10,770
1e-06,3.65438307095726e-06,0,1,1,1,0,10,10,771
1e-06,3.78346261713193e-06,0,1,1,1,0,10,10,772
1e-06,3.91710149080926e-06,0,1,1,1,0,10,10,773
1e-06,4.05546073584083e-06,0,1,1,1,0,10,10,774
1e-06,4.19870708444391e-06,0,1,1,1,0,10,10,775
1e-06,4.34701315812503e-06,0,1,1,1,0,10,10,776
1e-06,4.5005576757005e-06,0,1,1,1,0,10,10,777
1e-06,4.65952566866469e-06,0,1,1,1,0,10,10,778
1e-06,4.82410870416537e-06,0,1,1,1,0,10,10,779
1e-06,4.99450511585514e-06,0,1,1,1,0,10,10,780
1e-06,5.17092024289675e-06,0,1,1,1,0,10,10,781
1e-06,5.35356667741072e-06,0,1,1,1,0,10,10,782
1e-06,5.54266452066311e-06,0,1,1,1,0,10,10,783
1e-06,5.73844164830239e-06,0,1,1,1,0,10,10,784
1e-06,5.94113398496504e-06,0,1,1,1,0,10,10,785
1e-06,6.1509857885805e-06,0,1,1,1,0,10,10,786
1e-06,6.36824994471859e-06,0,1,1,1,0,10,10,787
1e-06,6.59318827133354e-06,0,1,1,1,0,10,10,788
1e-06,6.82607183427238e-06,0,1,1,1,0,10,10,789
1e-06,7.06718127392749e-06,0,1,1,1,0,10,10,790
1e-06,7.31680714342721e-06,0,1,1,1,0,10,10,791
1e-06,7.57525025877192e-06,0,1,1,1,0,10,10,792
1e-06,7.84282206133768e-06,0,1,1,1,0,10,10,793
1e-06,8.11984499318401e-06,0,1,1,1,0,10,10,794
1e-06,8.40665288561832e-06,0,1,1,1,0,10,10,795
1e-06,8.70359136148517e-06,0,1,1,1,0,10,10,796
1e-06,9.01101825166502e-06,0,1,1,1,0,10,10,797
1e-06,9.3293040262847e-06,0,1,1,1,0,10,10,798
1e-06,9.65883224115871e-06,0,1,1,1,0,10,10,799
1e-06,1e-05,0,1,1,1,0,10,10,800
1e-06,1e-08,0,1,1,0,1,10,10,801
1e-06,1.03532184329566e-08,0,1,1,0,1,10,10,802
1e-06,1.07189131920513e-08,0,1,1,0,1,10,10,803
1e-06,1.10975249641207e-08,0,1,1,0,1,10,10,804
1e-06,1.14895100018731e-08,0,1,1,0,1,10,10,805
1e-06,1.18953406737032e-08,0,1,1,0,1,10,10,806
1e-06,1.23155060329283e-08,0,1,1,0,1,10,10,807
1e-06,1.27505124071301e-08,0,1,1,0,1,10,10,808
1e-06,1.32008840083142e-08,0,1,1,0,1,10,10,809
1e-06,1.36671635646201e-08,0,1,1,0,1,10,10,810
1e-06,1.41499129743458e-08,0,1,1,0,1,10,10,811
1e-06,1.46497139830728e-08,0,1,1,0,1,10,10,812
1e-06,1.51671688847092e-08,0,1,1,0,1,10,10,813
1e-06,1.57029012472938e-08,0,1,1,0,1,10,10,814
1e-06,1.62575566644379e-08,0,1,1,0,1,10,10,815
1e-06,1.68318035333096e-08,0,1,1,0,1,10,10,816
1e-06,1.74263338600965e-08,0,1,1,0,1,10,10,817
1e-06,1.80418640939207e-08,0,1,1,0,1,10,10,818
1e-06,1.86791359902078e-08,0,1,1,0,1,10,10,819
1e-06,1.93389175045523e-08,0,1,1,0,1,10,10,820
1e-06,2.00220037181558e-08,0,1,1,0,1,10,10,821
1e-06,2.07292177959537e-08,0,1,1,0,1,10,10,822
1e-06,2.14614119785841e-08,0,1,1,0,1,10,10,823
1e-06,2.22194686093952e-08,0,1,1,0,1,10,10,824
1e-06,2.30043011977292e-08,0,1,1,0,1,10,10,825
1e-06,2.38168555197616e-08,0,1,1,0,1,10,10,826
1e-06,2.4658110758226e-08,0,1,1,0,1,10,10,827
1e-06,2.55290806823952e-08,0,1,1,0,1,10,10,828
1e-06,2.6430814869741e-08,0,1,1,0,1,10,10,829
1e-06,2.73643999707467e-08,0,1,1,0,1,10,10,830
1e-06,2.83309610183932e-08,0,1,1,0,1,10,10,831
1e-06,2.93316627839004e-08,0,1,1,0,1,10,10,832
1e-06,3.03677111803546e-08,0,1,1,0,1,10,10,833
1e-06,3.1440354715915e-08,0,1,1,0,1,10,10,834
1e-06,3.25508859983506e-08,0,1,1,0,1,10,10,835
1e-06,3.37006432927192e-08,0,1,1,0,1,10,10,836
1e-06,3.48910121340677e-08,0,1,1,0,1,10,10,837
1e-06,3.61234269970943e-08,0,1,1,0,1,10,10,838
1e-06,3.7399373024788e-08,0,1,1,0,1,10,10,839
1e-06,3.87203878181256e-08,0,1,1,0,1,10,10,840
1e-06,4.00880632889846e-08,0,1,1,0,1,10,10,841
1e-06,4.15040475785047e-08,0,1,1,0,1,10,10,842
1e-06,4.29700470432084e-08,0,1,1,0,1,10,10,843
1e-06,4.44878283112759e-08,0,1,1,0,1,10,10,844
1e-06,4.6059220411451e-08,0,1,1,0,1,10,10,845
1e-06,4.76861169771447e-08,0,1,1,0,1,10,10,846
1e-06,4.937047852839e-08,0,1,1,0,1,10,10,847
1e-06,5.11143348344017e-08,0,1,1,0,1,10,10,848
1e-06,5.29197873595844e-08,0,1,1,0,1,10,10,849
1e-06,5.47890117959395e-08,0,1,1,0,1,10,10,850
1e-06,5.67242606849198e-08,0,1,1,0,1,10,10,851
1e-06,5.87278661318948e-08,0,1,1,0,1,10,10,852
1e-06,6.08022426164943e-08,0,1,1,0,1,10,10,853
1e-06,6.29498899022189e-08,0,1,1,0,1,10,10,854
1e-06,6.51733960488242e-08,0,1,1,0,1,10,10,855
1e-06,6.7475440531107e-08,0,1,1,0,1,10,10,856
1e-06,6.98587974678525e-08,0,1,1,0,1,10,10,857
1e-06,7.23263389648353e-08,0,1,1,0,1,10,10,858
1e-06,7.48810385759003e-08,0,1,1,0,1,10,10,859
1e-06,7.75259748862946e-08,0,1,1,0,1,10,10,860
1e-06,8.02643352225717e-08,0,1,1,0,1,10,10,861
1e-06,8.30994194935339e-08,0,1,1,0,1,10,10,862
1e-06,8.60346441668451e-08,0,1,1,0,1,10,10,863
1e-06,8.90735463861044e-08,0,1,1,0,1,10,10,864
1e-06,9.22197882333432e-08,0,1,1,0,1,10,10,865
1e-06,9.54771611420807e-08,0,1,1,0,1,10,10,866
1e-06,9.88495904662559e-08,0,1,1,0,1,10,10,867
1e-06,1.02341140210545e-07,0,1,1,0,1,10,10,868
1e-06,1.05956017927761e-07,0,1,1,0,1,10,10,869
1e-06,1.09698579789238e-07,0,1,1,0,1,10,10,870
1e-06,1.13573335834311e-07,0,1,1,0,1,10,10,871
1e-06,1.17584955405216e-07,0,1,1,0,1,10,10,872
1e-06,1.21738272773966e-07,0,1,1,0,1,10,10,873
1e-06,1.26038292967973e-07,0,1,1,0,1,10,10,874
1e-06,1.3049019780144e-07,0,1,1,0,1,10,10,875
1e-06,1.35099352119803e-07,0,1,1,0,1,10,10,876
1e-06,1.39871310264724e-07,0,1,1,0,1,10,10,877
1e-06,1.44811822767453e-07,0,1,1,0,1,10,10,878
1e-06,1.49926843278605e-07,0,1,1,0,1,10,10,879
1e-06,1.55222535742705e-07,0,1,1,0,1,10,10,880
1e-06,1.60705281826164e-07,0,1,1,0,1,10,10,881
1e-06,1.66381688607613e-07,0,1,1,0,1,10,10,882
1e-06,1.72258596539879e-07,0,1,1,0,1,10,10,883
1e-06,1.78343087693191e-07,0,1,1,0,1,10,10,884
1e-06,1.84642494289554e-07,0,1,1,0,1,10,10,885
1e-06,1.9116440753857e-07,0,1,1,0,1,10,10,886
1e-06,1.97916686785356e-07,0,1,1,0,1,10,10,887
1e-06,2.04907468981585e-07,0,1,1,0,1,10,10,888
1e-06,2.12145178491063e-07,0,1,1,0,1,10,10,889
1e-06,2.19638537241655e-07,0,1,1,0,1,10,10,890
1e-06,2.27396575235793e-07,0,1,1,0,1,10,10,891
1e-06,2.35428641432242e-07,0,1,1,0,1,10,10,892
1e-06,2.43744415012222e-07,0,1,1,0,1,10,10,893
1e-06,2.52353917043477e-07,0,1,1,0,1,10,10,894
1e-06,2.61267522556333e-07,0,1,1,0,1,10,10,895
1e-06,2.70495973046314e-07,0,1,1,0,1,10,10,896
1e-06,2.80050389418363e-07,0,1,1,0,1,10,10,897
1e-06,2.89942285388288e-07,0,1,1,0,1,10,10,898
1e-06,3.00183581357559e-07,0,1,1,0,1,10,10,899
1e-06,3.10786618778201e-07,0,1,1,0,1,10,10,900
1e-06,3.21764175025074e-07,0,1,1,0,1,10,10,901
1e-06,3.33129478793467e-07,0,1,1,0,1,10,10,902
1e-06,3.44896226040576e-07,0,1,1,0,1,10,10,903
1e-06,3.57078596490046e-07,0,1,1,0,1,10,10,904
1e-06,3.69691270719502e-07,0,1,1,0,1,10,10,905
1e-06,3.82749447851632e-07,0,1,1,0,1,10,10,906
1e-06,3.96268863870148e-07,0,1,1,0,1,10,10,907
1e-06,4.10265810582719e-07,0,1,1,0,1,10,10,908
1e-06,4.24757155253689e-07,0,1,1,0,1,10,10,909
1e-06,4.39760360930272e-07,0,1,1,0,1,10,10,910
1e-06,4.55293507486695e-07,0,1,1,0,1,10,10,911
1e-06,4.71375313411673e-07,0,1,1,0,1,10,10,912
1e-06,4.88025158365443e-07,0,1,1,0,1,10,10,913
1e-06,5.05263106533568e-07,0,1,1,0,1,10,10,914
1e-06,5.23109930805626e-07,0,1,1,0,1,10,10,915
1e-06,5.41587137807948e-07,0,1,1,0,1,10,10,916
1e-06,5.60716993820546e-07,0,1,1,0,1,10,10,917
1e-06,5.8052255160949e-07,0,1,1,0,1,10,10,918
1e-06,6.01027678207039e-07,0,1,1,0,1,10,10,919
1e-06,6.22257083673023e-07,0,1,1,0,1,10,10,920
1e-06,6.44236350872137e-07,0,1,1,0,1,10,10,921
1e-06,6.66991966303011e-07,0,1,1,0,1,10,10,922
1e-06,6.90551352016233e-07,0,1,1,0,1,10,10,923
1e-06,7.14942898659758e-07,0,1,1,0,1,10,10,924
1e-06,7.40195999691565e-07,0,1,1,0,1,10,10,925
1e-06,7.66341086800746e-07,0,1,1,0,1,10,10,926
1e-06,7.93409666579749e-07,0,1,1,0,1,10,10,927
1e-06,8.21434358491942e-07,0,1,1,0,1,10,10,928
1e-06,8.50448934180267e-07,0,1,1,0,1,10,10,929
1e-06,8.80488358164346e-07,0,1,1,0,1,10,10,930
1e-06,9.11588829975082e-07,0,1,1,0,1,10,10,931
1e-06,9.43787827777539e-07,0,1,1,0,1,10,10,932
1e-06,9.7712415353465e-07,0,1,1,0,1,10,10,933
1e-06,1.01163797976621e-06,0,1,1,0,1,10,10,934
1e-06,1.04737089795945e-06,0,1,1,0,1,10,10,935
1e-06,1.08436596868961e-06,0,1,1,0,1,10,10,936
1e-06,1.12266777351081e-06,0,1,1,0,1,10,10,937
1e-06,1.16232246867985e-06,0,1,1,0,1,10,10,938
1e-06,1.20337784077759e-06,0,1,1,0,1,10,10,939
1e-06,1.24588336429501e-06,0,1,1,0,1,10,10,940
1e-06,1.28989026125331e-06,0,1,1,0,1,10,10,941
1e-06,1.3354515629299e-06,0,1,1,0,1,10,10,942
1e-06,1.38262217376466e-06,0,1,1,0,1,10,10,943
1e-06,1.43145893752348e-06,0,1,1,0,1,10,10,944
1e-06,1.48202070579886e-06,0,1,1,0,1,10,10,945
1e-06,1.53436840893001e-06,0,1,1,0,1,10,10,946
1e-06,1.58856512942805e-06,0,1,1,0,1,10,10,947
1e-06,1.64467617799466e-06,0,1,1,0,1,10,10,948
1e-06,1.7027691722259e-06,0,1,1,0,1,10,10,949
1e-06,1.76291411809595e-06,0,1,1,0,1,10,10,950
1e-06,1.82518349431904e-06,0,1,1,0,1,10,10,951
1e-06,1.88965233969121e-06,0,1,1,0,1,10,10,952
1e-06,1.95639834351706e-06,0,1,1,0,1,10,10,953
1e-06,2.02550193923067e-06,0,1,1,0,1,10,10,954
1e-06,2.09704640132323e-06,0,1,1,0,1,10,10,955
1e-06,2.1711179456945e-06,0,1,1,0,1,10,10,956
1e-06,2.24780583354873e-06,0,1,1,0,1,10,10,957
1e-06,2.32720247896041e-06,0,1,1,0,1,10,10,958
1e-06,2.40940356023953e-06,0,1,1,0,1,10,10,959
1e-06,2.49450813523032e-06,0,1,1,0,1,10,10,960
1e-06,2.58261876068267e-06,0,1,1,0,1,10,10,961
1e-06,2.67384161583994e-06,0,1,1,0,1,10,10,962
1e-06,2.76828663039207e-06,0,1,1,0,1,10,10,963
1e-06,2.86606761694825e-06,0,1,1,0,1,10,10,964
1e-06,2.96730240818887e-06,0,1,1,0,1,10,10,965
1e-06,3.07211299886176e-06,0,1,1,0,1,10,10,966
1e-06,3.18062569279412e-06,0,1,1,0,1,10,10,967
1e-06,3.29297125509715e-06,0,1,1,0,1,10,10,968
1e-06,3.40928506974681e-06,0,1,1,0,1,10,10,969
1e-06,3.52970730273065e-06,0,1,1,0,1,10,10,970
1e-06,3.65438307095726e-06,0,1,1,0,1,10,10,971
1e-06,3.78346261713193e-06,0,1,1,0,1,10,10,972
1e-06,3.91710149080926e-06,0,1,1,0,1,10,10,973
1e-06,4.05546073584083e-06,0,1,1,0,1,10,10,974
1e-06,4.19870708444391e-06,0,1,1,0,1,10,10,975
1e-06,4.34701315812503e-06,0,1,1,0,1,10,10,976
1e-06,4.5005576757005e-06,0,1,1,0,1,10,10,977
1e-06,4.65952566866469e-06,0,1,1,0,1,10,10,978
1e-06,4.82410870416537e-06,0,1,1,0,1,10,10,979
1e-06,4.99450511585514e-06,0,1,1,0,1,10,10,980
1e-06,5.17092024289675e-06,0,1,1,0,1,10,10,981
1e-06,5.35356667741072e-06,0,1,1,0,1,10,10,982
1e-06,5.54266452066311e-06,0,1,1,0,1,10,10,983
1e-06,5.73844164830239e-06,0,1,1,0,1,10,10,984
1e-06,5.94113398496504e-06,0,1,1,0,1,10,10,985
1e-06,6.1509857885805e-06,0,1,1,0,1,10,10,986
1e-06,6.36824994471859e-06,0,1,1,0,1,10,10,987
1e-06,6.59318827133354e-06,0,1,1,0,1,10,10,988
1e-06,6.82607183427238e-06,0,1,1,0,1,10,10,989
1e-06,7.06718127392749e-06,0,1,1,0,1,10,10,990
1e-06,7.31680714342721e-06,0,1,1,0,1,10,10,991
1e-06,7.57525025877192e-06,0,1,1,0,1,10,10,992
1e-06,7.84282206133768e-06,0,1,1,0,1,10,10,993
1e-06,8.11984499318401e-06,0,1,1,0,1,10,10,994
1e-06,8.40665288561832e-06,0,1,1,0,1,10,10,995
1e-06,8.70359136148517e-06,0,1,1,0,1,10,10,996
1e-06,9.01101825166502e-06,0,1,1,0,1,10,10,997
1e-06,9.3293040262847e-06,0,1,1,0,1,10,10,998
1e-06,9.65883224115871e-06,0,1,1,0,1,10,10,999
1e-06,1e-05,0,1,1,0,1,10,10,1000
1e-06,1e-08,0,1,1,0,0,10,10,1001
1e-06,1.03532184329566e-08,0,1,1,0,0,10,10,1002
1e-06,1.07189131920513e-08,0,1,1,0,0,10,10,1003
1e-06,1.10975249641207e-08,0,1,1,0,0,10,10,1004
1e-06,1.14895100018731e-08,0,1,1,0,0,10,10,1005
1e-06,1.18953406737032e-08,0,1,1,0,0,10,10,1006
1e-06,1.23155060329283e-08,0,1,1,0,0,10,10,1007
1e-06,1.27505124071301e-08,0,1,1,0,0,10,10,1008
1e-06,1.32008840083142e-08,0,1,1,0,0,10,10,1009
1e-06,1.36671635646201e-08,0,1,1,0,0,10,10,1010
1e-06,1.41499129743458e-08,0,1,1,0,0,10,10,1011
1e-06,1.46497139830728e-08,0,1,1,0,0,10,10,1012
1e-06,1.51671688847092e-08,0,1,1,0,0,10,10,1013
1e-06,1.57029012472938e-08,0,1,1,0,0,10,10,1014
1e-06,1.62575566644379e-08,0,1,1,0,0,10,10,1015
1e-06,1.68318035333096e-08,0,1,1,0,0,10,10,1016
1e-06,1.74263338600965e-08,0,1,1,0,0,10,10,1017
1e-06,1.80418640939207e-08,0,1,1,0,0,10,10,1018
1e-06,1.86791359902078e-08,0,1,1,0,0,10,10,1019
1e-06,1.93389175045523e-08,0,1,1,0,0,10,10,1020
1e-06,2.00220037181558e-08,0,1,1,0,0,10,10,1021
1e-06,2.07292177959537e-08,0,1,1,0,0,10,10,1022
1e-06,2.14614119785841e-08,0,1,1,0,0,10,10,1023
1e-06,2.22194686093952e-08,0,1,1,0,0,10,10,1024
1e-06,2.30043011977292e-08,0,1,1,0,0,10,10,1025
1e-06,2.38168555197616e-08,0,1,1,0,0,10,10,1026
1e-06,2.4658110758226e-08,0,1,1,0,0,10,10,1027
1e-06,2.55290806823952e-08,0,1,1,0,0,10,10,1028
1e-06,2.6430814869741e-08,0,1,1,0,0,10,10,1029
1e-06,2.73643999707467e-08,0,1,1,0,0,10,10,1030
1e-06,2.83309610183932e-08,0,1,1,0,0,10,10,1031
1e-06,2.93316627839004e-08,0,1,1,0,0,10,10,1032
1e-06,3.03677111803546e-08,0,1,1,0,0,10,10,1033
1e-06,3.1440354715915e-08,0,1,1,0,0,10,10,1034
1e-06,3.25508859983506e-08,0,1,1,0,0,10,10,1035
1e-06,3.37006432927192e-08,0,1,1,0,0,10,10,1036
1e-06,3.48910121340677e-08,0,1,1,0,0,10,10,1037
1e-06,3.61234269970943e-08,0,1,1,0,0,10,10,1038
1e-06,3.7399373024788e-08,0,1,1,0,0,10,10,1039
1e-06,3.87203878181256e-08,0,1,1,0,0,10,10,1040
1e-06,4.00880632889846e-08,0,1,1,0,0,10,10,1041
1e-06,4.15040475785047e-08,0,1,1,0,0,10,10,1042
1e-06,4.29700470432084e-08,0,1,1,0,0,10,10,1043
1e-06,4.44878283112759e-08,0,1,1,0,0,10,10,1044
1e-06,4.6059220411451e-08,0,1,1,0,0,10,10,1045
1e-06,4.76861169771447e-08,0,1,1,0,0,10,10,1046
1e-06,4.937047852839e-08,0,1,1,0,0,10,10,1047
1e-06,5.11143348344017e-08,0,1,1,0,0,10,10,1048
1e-06,5.29197873595844e-08,0,1,1,0,0,10,10,1049
1e-06,5.47890117959395e-08,0,1,1,0,0,10,10,1050
1e-06,5.67242606849198e-08,0,1,1,0,0,10,10,1051
1e-06,5.87278661318948e-08,0,1,1,0,0,10,10,1052
1e-06,6.08022426164943e-08,0,1,1,0,0,10,10,1053
1e-06,6.29498899022189e-08,0,1,1,0,0,10,10,1054
1e-06,6.51733960488242e-08,0,1,1,0,0,10,10,1055
1e-06,6.7475440531107e-08,0,1,1,0,0,10,10,1056
1e-06,6.98587974678525e-08,0,1,1,0,0,10,10,1057
1e-06,7.23263389648353e-08,0,1,1,0,0,10,10,1058
1e-06,7.48810385759003e-08,0,1,1,0,0,10,10,1059
1e-06,7.75259748862946e-08,0,1,1,0,0,10,10,1060
1e-06,8.02643352225717e-08,0,1,1,0,0,10,10,1061
1e-06,8.30994194935339e-08,0,1,1,0,0,10,10,1062
1e-06,8.60346441668451e-08,0,1,1,0,0,10,10,1063
1e-06,8.90735463861044e-08,0,1,1,0,0,10,10,1064
1e-06,9.22197882333432e-08,0,1,1,0,0,10,10,1065
1e-06,9.54771611420807e-08,0,1,1,0,0,10,10,1066
1e-06,9.88495904662559e-08,0,1,1,0,0,10,10,1067
1e-06,1.02341140210545e-07,0,1,1,0,0,10,10,1068
1e-06,1.05956017927761e-07,0,1,1,0,0,10,10,1069
1e-06,1.09698579789238e-07,0,1,1,0,0,10,10,1070
1e-06,1.13573335834311e-07,0,1,1,0,0,10,10,1071
1e-06,1.17584955405216e-07,0,1,1,0,0,10,10,1072
1e-06,1.21738272773966e-07,0,1,1,0,0,10,10,1073
1e-06,1.26038292967973e-07,0,1,1,0,0,10,10,1074
1e-06,1.3049019780144e-07,0,1,1,0,0,10,10,1075
1e-06,1.35099352119803e-07,0,1,1,0,0,10,10,1076
1e-06,1.39871310264724e-07,0,1,1,0,0,10,10,1077
1e-06,1.44811822767453e-07,0,1,1,0,0,10,10,1078
1e-06,1.49926843278605e-07,0,1,1,0,0,10,10,1079
1e-06,1.55222535742705e-07,0,1,1,0,0,10,10,1080
1e-06,1.60705281826164e-07,0,1,1,0,0,10,10,1081
1e-06,1.66381688607613e-07,0,1,1,0,0,10,10,1082
1e-06,1.72258596539879e-07,0,1,1,0,0,10,10,1083
1e-06,1.78343087693191e-07,0,1,1,0,0,10,10,1084
1e-06,1.84642494289554e-07,0,1,1,0,0,10,10,1085
1e-06,1.9116440753857e-07,0,1,1,0,0,10,10,1086
1e-06,1.97916686785356e-07,0,1,1,0,0,10,10,1087
1e-06,2.04907468981585e-07,0,1,1,0,0,10,10,1088
1e-06,2.12145178491063e-07,0,1,1,0,0,10,10,1089
1e-06,2.19638537241655e-07,0,1,1,0,0,10,10,1090
1e-06,2.27396575235793e-07,0,1,1,0,0,10,10,1091
1e-06,2.35428641432242e-07,0,1,1,0,0,10,10,1092
1e-06,2.43744415012222e-07,0,1,1,0,0,10,10,1093
1e-06,2.52353917043477e-07,0,1,1,0,0,10,10,1094
1e-06,2.61267522556333e-07,0,1,1,0,0,10,10,1095
1e-06,2.70495973046314e-07,0,1,1,0,0,10,10,1096
1e-06,2.80050389418363e-07,0,1,1,0,0,10,10,1097
1e-06,2.89942285388288e-07,0,1,1,0,0,10,10,1098
1e-06,3.00183581357559e-07,0,1,1,0,0,10,10,1099
1e-06,3.10786618778201e-07,0,1,1,0,0,10,10,1100
1e-06,3.21764175025074e-07,0,1,1,0,0,10,10,1101
1e-06,3.33129478793467e-07,0,1,1,0,0,10,10,1102
1e-06,3.44896226040576e-07,0,1,1,0,0,10,10,1103
1e-06,3.57078596490046e-07,0,1,1,0,0,10,10,1104
1e-06,3.69691270719502e-07,0,1,1,0,0,10,10,1105
1e-06,3.82749447851632e-07,0,1,1,0,0,10,10,1106
1e-06,3.96268863870148e-07,0,1,1,0,0,10,10,1107
1e-06,4.10265810582719e-07,0,1,1,0,0,10,10,1108
1e-06,4.24757155253689e-07,0,1,1,0,0,10,10,1109
1e-06,4.39760360930272e-07,0,1,1,0,0,10,10,1110
1e-06,4.55293507486695e-07,0,1,1,0,0,10,10,1111
1e-06,4.71375313411673e-07,0,1,1,0,0,10,10,1112
1e-06,4.88025158365443e-07,0,1,1,0,0,10,10,1113
1e-06,5.05263106533568e-07,0,1,1,0,0,10,10,1114
1e-06,5.23109930805626e-07,0,1,1,0,0,10,10,1115
1e-06,5.41587137807948e-07,0,1,1,0,0,10,10,1116
1e-06,5.60716993820546e-07,0,1,1,0,0,10,10,1117
1e-06,5.8052255160949e-07,0,1,1,0,0,10,10,1118
1e-06,6.01027678207039e-07,0,1,1,0,0,10,10,1119
1e-06,6.22257083673023e-07,0,1,1,0,0,10,10,1120
1e-06,6.44236350872137e-07,0,1,1,0,0,10,10,1121
1e-06,6.66991966303011e-07,0,1,1,0,0,10,10,1122
1e-06,6.90551352016233e-07,0,1,1,0,0,10,10,1123
1e-06,7.14942898659758e-07,0,1,1,0,0,10,10,1124
1e-06,7.40195999691565e-07,0,1,1,0,0,10,10,1125
1e-06,7.66341086800746e-07,0,1,1,0,0,10,10,1126
1e-06,7.93409666579749e-07,0,1,1,0,0,10,10,1127
1e-06,8.21434358491942e-07,0,1,1,0,0,10,10,1128
1e-06,8.50448934180267e-07,0,1,1,0,0,10,10,1129
1e-06,8.80488358164346e-07,0,1,1,0,0,10,10,1130
1e-06,9.11588829975082e-07,0,1,1,0,0,10,10,1131
1e-06,9.43787827777539e-07,0,1,1,0,0,10,10,1132
1e-06,9.7712415353465e-07,0,1,1,0,0,10,10,1133
1e-06,1.01163797976621e-06,0,1,1,0,0,10,10,1134
1e-06,1.04737089795945e-06,0,1,1,0,0,10,10,1135
1e-06,1.08436596868961e-06,0,1,1,0,0,10,10,1136
1e-06,1.12266777351081e-06,0,1,1,0,0,10,10,1137
1e-06,1.16232246867985e-06,0,1,1,0,0,10,10,1138
1e-06,1.20337784077759e-06,0,1,1,0,0,10,10,1139
1e-06,1.24588336429501e-06,0,1,1,0,0,10,10,1140
1e-06,1.28989026125331e-06,0,1,1,0,0,10,10,1141
1e-06,1.3354515629299e-06,0,1,1,0,0,10,10,1142
1e-06,1.38262217376466e-06,0,1,1,0,0,10,10,1143
1e-06,1.43145893752348e-06,0,1,1,0,0,10,10,1144
1e-06,1.48202070579886e-06,0,1,1,0,0,10,10,1145
1e-06,1.53436840893001e-06,0,1,1,0,0,10,10,1146
1e-06,1.58856512942805e-06,0,1,1,0,0,10,10,1147
1e-06,1.64467617799466e-06,0,1,1,0,0,10,10,1148
1e-06,1.7027691722259e-06,0,1,1,0,0,10,10,1149
1e-06,1.76291411809595e-06,0,1,1,0,0,10,10,1150
1e-06,1.82518349431904e-06,0,1,1,0,0,10,10,1151
1e-06,1.88965233969121e-06,0,1,1,0,0,10,10,1152
1e-06,1.95639834351706e-06,0,1,1,0,0,10,10,1153
1e-06,2.02550193923067e-06,0,1,1,0,0,10,10,1154
1e-06,2.09704640132323e-06,0,1,1,0,0,10,10,1155
1e-06,2.1711179456945e-06,0,1,1,0,0,10,10,1156
1e-06,2.24780583354873e-06,0,1,1,0,0,10,10,1157
1e-06,2.32720247896041e-06,0,1,1,0,0,10,10,1158
1e-06,2.40940356023953e-06,0,1,1,0,0,10,10,1159
1e-06,2.49450813523032e-06,0,1,1,0,0,10,10,1160
1e-06,2.58261876068267e-06,0,1,1,0,0,10,10,1161
1e-06,2.67384161583994e-06,0,1,1,0,0,10,10,1162
1e-06,2.76828663039207e-06,0,1,1,0,0,10,10,1163
1e-06,2.86606761694825e-06,0,1,1,0,0,10,10,1164
1e-06,2.96730240818887e-06,0,1,1,0,0,10,10,1165
1e-06,3.07211299886176e-06,0,1,1,0,0,10,10,1166
1e-06,3.18062569279412e-06,0,1,1,0,0,10,10,1167
1e-06,3.29297125509715e-06,0,1,1,0,0,10,10,1168
1e-06,3.40928506974681e-06,0,1,1,0,0,10,10,1169
1e-06,3.52970730273065e-06,0,1,1,0,0,10,10,1170
1e-06,3.65438307095726e-06,0,1,1,0,0,10,10,1171
1e-06,3.78346261713193e-06,0,1,1,0,0,10,10,1172
1e-06,3.91710149080926e-06,0,1,1,0,0,10,10,1173
1e-06,4.05546073584083e-06,0,1,1,0,0,10,10,1174
1e-06,4.19870708444391e-06,0,1,1,0,0,10,10,1175
1e-06,4.34701315812503e-06,0,1,1,0,0,10,10,1176
1e-06,4.5005576757005e-06,0,1,1,0,0,10,10,1177
1e-06,4.65952566866469e-06,0,1,1,0,0,10,10,1178
1e-06,4.82410870416537e-06,0,1,1,0,0,10,10,1179
1e-06,4.99450511585514e-06,0,1,1,0,0,10,10,1180
1e-06,5.17092024289675e-06,0,1,1,0,0,10,10,1181
1e-06,5.35356667741072e-06,0,1,1,0,0,10,10,1182
1e-06,5.54266452066311e-06,0,1,1,0,0,10,10,1183
1e-06,5.73844164830239e-06,0,1,1,0,0,10,10,1184
1e-06,5.94113398496504e-06,0,1,1,0,0,10,10,1185
1e-06,6.1509857885805e-06,0,1,1,0,0,10,10,1186
1e-06,6.36824994471859e-06,0,1,1,0,0,10,10,1187
1e-06,6.59318827133354e-06,0,1,1,0,0,10,10,1188
1e-06,6.82607183427238e-06,0,1,1,0,0,10,10,1189
1e-06,7.06718127392749e-06,0,1,1,0,0,10,10,1190
1e-06,7.31680714342721e-06,0,1,1,0,0,10,10,1191
1e-06,7.57525025877192e-06,0,1,1,0,0,10,10,1192
1e-06,7.84282206133768e-06,0,1,1,0,0,10,10,1193
1e-06,8.11984499318401e-06,0,1,1,0,0,10,10,1194
1e-06,8.40665288561832e-06,0,1,1,0,0,10,10,1195
1e-06,8.70359136148517e-06,0,1,1,0,0,10,10,1196
1e-06,9.01101825166502e-06,0,1,1,0,0,10,10,1197
1e-06,9.3293040262847e-06,0,1,1,0,0,10,10,1198
1e-06,9.65883224115871e-06,0,1,1,0,0,10,10,1199
1e-06,1e-05,0,1,1,0,0,10,10,1200
